gender,age,hypertension,heart_disease,avg_glucose_level,bmi,smoking_status,stroke
2,70,2,2,69.04,35.9,1,2
2,75,2,1,243.53,27,2,2
2,49,2,2,60.22,31.5,3,2
1,71,2,2,198.21,27.3,1,2
2,67,2,2,94.61,28.4,3,2
2,54,2,2,206.72,26.7,2,2
2,47,2,2,103.26,25.4,4,2
1,58,1,2,55.78,27.5,3,2
2,58,2,2,149.75,27,4,2
1,59,2,2,117.92,29.4,3,2
2,45,2,2,113.63,27.5,3,2
2,66,2,2,141.24,28.5,2,2
1,58,1,2,56.96,26.8,3,2
1,69,2,2,203.04,33.6,2,2
2,58,2,2,94.3,29.1,4,2
2,53,2,2,81.51,28.5,4,2
2,78,2,2,137.74,34.9,1,2
1,43,2,2,146.01,31.5,3,2
1,46,2,2,88.19,29.3,1,2
2,43,2,2,115.22,21.2,4,2
1,57,2,1,62.2,31,1,2
1,61,2,2,69.15,27.7,1,2
2,48,2,2,216.7,38.7,1,2
1,53,2,2,90.12,35.4,4,2
2,78,2,2,243.5,26.1,2,2
2,78,1,2,182.2,30.5,1,2
2,51,2,2,89.84,29.9,4,2
2,48,2,2,84.38,27.1,4,2
2,49,2,2,138.16,19.4,2,2
1,64,2,2,239.64,34.6,1,2
2,66,2,2,58.95,24.6,2,2
1,68,2,2,116.23,26.1,2,2
2,55,2,2,118.82,29,1,2
2,79,1,1,200.28,30,1,2
2,47,2,2,136.8,37.3,2,2
2,60,2,2,66.42,23.6,2,2
1,43,2,2,86.78,23.5,3,2
1,76,2,2,110.99,29.8,1,2
2,72,2,2,210.78,32.3,1,2
2,53,2,2,64.4,31,3,2
1,56,2,2,73.02,31.1,2,2
1,70,1,2,251.6,27.1,2,2
2,70,2,2,68.34,22.8,1,2
2,75,2,2,75.39,37.8,2,2
1,58,1,2,223.36,41.5,1,2
2,52,2,2,80.88,23.8,3,2
1,63,2,2,90.07,36.8,4,2
2,52,2,2,73.73,34.4,1,2
2,68,2,2,79.58,22.2,2,2
2,43,2,2,58.63,28.4,3,2
1,53,2,2,211.03,34.2,1,2
2,69,2,2,225.47,36.9,2,2
1,64,2,2,94.48,31.1,2,2
2,64,2,2,82.34,31.9,2,2
1,53,2,2,116.66,28.5,1,2
1,65,1,2,112.09,29.5,2,2
1,53,2,2,123.87,28.8,4,2
2,63,1,2,227.1,26.9,4,2
2,65,2,2,104.21,36.8,2,2
1,65,2,2,145.15,28.9,4,2
1,42,2,2,68.19,31,2,2
1,72,2,1,97.53,29.4,3,2
1,59,2,2,86.46,30.5,4,2
1,75,2,1,201.76,30.2,1,2
2,43,2,2,95.93,21.8,4,2
1,69,2,2,101.52,26.8,3,2
2,43,1,2,217.3,27.5,2,2
1,68,2,2,92.21,27.3,4,2
2,43,2,2,75.05,22.9,3,2
2,43,2,2,70.08,26.6,2,2
2,81,2,2,69.01,32.6,2,2
2,53,2,2,96.88,31.4,4,2
2,42,2,2,79.14,25,1,2
1,53,2,2,65.24,28.9,4,2
1,60,2,2,80.98,29.7,1,2
2,66,2,2,93.73,23.9,3,2
2,57,2,2,94.18,27.1,2,2
2,76,2,2,96.29,25.4,3,2
1,52,1,2,74.64,30.7,3,2
1,64,2,2,97.08,31.7,4,2
2,46,2,2,78.75,37.8,1,2
2,51,2,2,82.93,29.7,3,2
1,67,2,2,68.52,26.2,2,2
1,70,2,2,102.64,28.3,2,2
1,57,2,2,89.44,26.7,2,2
1,65,2,2,105.61,27.9,4,2
2,57,2,2,98.44,33.6,4,2
1,77,2,2,193.83,26.5,2,2
2,55,2,2,76.2,27.9,2,2
2,55,2,2,93.36,28.4,2,2
2,72,2,2,239.82,35.8,2,2
2,64,1,2,88.53,24.6,2,2
1,57,2,2,189.57,30.7,2,2
1,54,2,2,81.26,26.4,1,2
2,51,1,2,109.16,28,3,2
2,54,2,2,107.47,29.3,1,2
1,72,2,2,215.64,26.7,1,2
2,65,2,1,196.36,34.5,1,2
2,42,2,2,139.77,27.7,4,2
1,57,2,2,108.53,19.4,3,2
2,56,2,2,100.83,26.8,2,2
2,63,1,2,105.95,23.5,3,2
2,53,2,2,71.15,26.1,1,2
2,59,1,2,204.86,30.8,2,2
1,53,2,2,79.87,30.9,2,2
2,56,2,2,228.08,29.1,4,2
1,42,2,2,93.79,27.2,2,2
1,48,2,2,147.14,22.3,4,2
1,82,2,2,106.43,27,3,2
2,42,2,2,92.2,34.2,4,2
2,55,2,2,75.56,29.4,3,2
1,50,2,2,158.31,32.8,1,2
2,80,2,2,148.91,28.3,2,2
2,74,2,2,68.34,39.3,4,2
1,65,2,1,58.37,28,3,2
2,66,2,2,92.04,23.1,2,2
2,51,2,2,111.15,34.1,3,2
1,59,2,2,100.54,35.8,2,2
1,58,2,2,111.73,34.6,2,2
2,42,2,2,97.78,29.8,4,2
1,57,2,2,98.54,30.2,2,2
2,66,2,1,94.62,29.7,1,2
1,61,2,2,214.05,29.4,1,2
2,80,2,1,79.09,22.8,2,2
1,53,2,2,76.36,29.8,4,2
1,65,2,2,111.85,26.7,2,2
1,74,1,2,112.54,27.7,1,2
2,56,2,2,63.71,40.5,1,2
1,71,1,2,94.65,25.3,1,2
2,80,2,2,57.57,22.8,2,2
1,56,2,2,81.18,26.9,2,2
2,75,2,2,56.23,25.3,2,2
2,53,2,2,86.39,30.2,2,2
2,48,2,2,75.74,28.8,3,2
2,52,1,2,81.03,32.6,2,2
2,55,1,2,99.82,34.2,2,2
2,52,2,2,59.54,42.2,4,2
2,79,1,2,99.47,28.4,2,2
2,45,2,2,80.93,23.1,2,2
2,66,2,2,200.49,34.6,3,2
1,47,2,2,75.3,25,1,2
1,78,2,2,56.18,27.1,2,2
